indicator,scenario,current_2024,forecast_2025,forecast_2026,forecast_2027,total_growth_2024_2027
Account Ownership,pessimistic,49.0,52.57125,54.875,57.178749999999994,8.178749999999994
Mobile Money Account,pessimistic,9.45,11.870333333333331,13.619666666666664,15.368999999999998,5.918999999999999
Digital Payments,pessimistic,35.0,41.72283687943262,48.360673758865246,54.99851063829787,19.998510638297873
