indicator,scenario,current_2024,forecast_2025,forecast_2026,forecast_2027,total_growth_2024_2027
Account Ownership,optimistic,49.0,57.56375,62.324999999999996,67.08625,18.086250000000007
Mobile Money Account,optimistic,9.45,15.444333333333333,19.425666666666665,23.406999999999996,13.956999999999997
Digital Payments,optimistic,35.0,47.622411347517726,59.989822695035464,72.35723404255319,37.35723404255319
