indicator,scenario,current_2024,forecast_2025,forecast_2026,forecast_2027,total_growth_2024_2027
Account Ownership,base,49.0,55.0675,58.6,62.1325,13.1325
Mobile Money Account,base,9.45,13.65733333333333,16.522666666666666,19.387999999999998,9.937999999999999
Digital Payments,base,35.0,44.67262411347518,54.17524822695036,63.67787234042553,28.67787234042553
